intensity,budget_sec,scale,disturbance,mean_reward_delta,feasible_rate,mean_total_online_latency,mean_solver_runtime,n
L0,0.25,mk10,arrival_only,0.0,1.0,0.1223452400037786,0.024751697489409707,40
L1,0.25,mk10,arrival_only,1.7000000000000113,1.0,0.1331054524955107,0.035628479995648374,40
L2,0.25,mk10,arrival_only,1.3108048767286733,1.0,0.13383901501074433,0.03659184750285931,40
L3,0.25,mk10,arrival_only,-0.46099990182613054,0.675,0.21283681500353852,0.10606297999620437,40
L0,0.5,mk10,arrival_only,0.0,1.0,0.12236366499855648,0.02475218000181485,40
L1,0.5,mk10,arrival_only,2.0000000000000115,1.0,0.13411711498629303,0.036386932493769564,40
L2,0.5,mk10,arrival_only,0.8108048767286732,1.0,0.13651609999651554,0.037222325007314795,40
L3,0.5,mk10,arrival_only,-0.06102573254734125,0.7,0.28867950250569263,0.1818069225002546,40
L0,1.0,mk10,arrival_only,0.0,1.0,0.12325465250469278,0.02503845749888569,40
L1,1.0,mk10,arrival_only,1.9500000000000113,1.0,0.13392422249307856,0.03546700750302989,40
L2,1.0,mk10,arrival_only,1.3108048767286733,1.0,0.1344725224917056,0.03603725249704439,40
L3,1.0,mk10,arrival_only,-0.06102573254734125,0.7,0.440148539992515,0.3324230175028788,40
L0,2.0,mk10,arrival_only,0.0,1.0,0.12320140498923138,0.02519855248683598,40
L1,2.0,mk10,arrival_only,1.7000000000000113,1.0,0.1339974925009301,0.03597007000062149,40
L2,2.0,mk10,arrival_only,0.8108048767286732,1.0,0.13215782248880714,0.03487695998919662,40
L3,2.0,mk10,arrival_only,-0.06102573254734125,0.7,0.7427890800056047,0.6329807675007032,40
L0,5.0,mk10,arrival_only,0.0,1.0,0.1240251500159502,0.02560354750894476,40
L1,5.0,mk10,arrival_only,1.7000000000000113,1.0,0.13433277999865822,0.03608449999592267,40
L2,5.0,mk10,arrival_only,1.3108048767286733,1.0,0.13269243499380537,0.03589621499704663,40
L3,5.0,mk10,arrival_only,-0.06102573254734125,0.7,1.6403075799898943,1.5317145275039366,40
L0,0.25,mk10,breakdown_only,-0.015892857142853246,0.375,0.052855702486704105,0.011387607490178198,40
L1,0.25,mk10,breakdown_only,-0.1359496900836689,0.35,0.07654934999882243,0.03425696500344202,40
L2,0.25,mk10,breakdown_only,-0.1359496900836689,0.325,0.08511930750100874,0.04217659999558236,40
L3,0.25,mk10,breakdown_only,0.0,0.1,0.12150618000887334,0.07110448000603356,40
L0,0.5,mk10,breakdown_only,-0.015892857142853246,0.375,0.053188517509261145,0.011152947501977905,40
L1,0.5,mk10,breakdown_only,-0.1359496900836689,0.35,0.08241647749964613,0.04027390500996262,40
L2,0.5,mk10,breakdown_only,-0.1359496900836689,0.35,0.0965753924974706,0.05451342498708982,40
L3,0.5,mk10,breakdown_only,0.0,0.1,0.18923975750221872,0.13968490998959168,40
L0,1.0,mk10,breakdown_only,0.0,0.375,0.05275259498739615,0.011089667494525201,40
L1,1.0,mk10,breakdown_only,-0.1359496900836689,0.375,0.08887430250179022,0.04788689000706654,40
L2,1.0,mk10,breakdown_only,-0.1359496900836689,0.35,0.10778931500099134,0.06607069750316441,40
L3,1.0,mk10,breakdown_only,0.0,0.1,0.3270059025002411,0.27731645000749267,40
L0,2.0,mk10,breakdown_only,-0.015892857142853246,0.375,0.05230924500210676,0.011135482514509932,40
L1,2.0,mk10,breakdown_only,-0.1359496900836689,0.375,0.08818230500910432,0.04678181999188382,40
L2,2.0,mk10,breakdown_only,-0.1359496900836689,0.35,0.13390501749527176,0.09151645499514416,40
L3,2.0,mk10,breakdown_only,0.0,0.1,0.6025838299916358,0.551992897503078,40
L0,5.0,mk10,breakdown_only,0.0,0.375,0.05186520749120973,0.010397182503947989,40
L1,5.0,mk10,breakdown_only,-0.1359496900836689,0.375,0.0872834699897794,0.04626915250555612,40
L2,5.0,mk10,breakdown_only,-0.1359496900836689,0.375,0.1440548000013223,0.10284088999324012,40
L3,5.0,mk10,breakdown_only,-0.02000000000000455,0.125,1.366077200003201,1.3162025950034149,40
L0,0.25,mk10,mixed,-0.01375090699554562,0.8,0.09049825499678263,0.02029452625574777,80
L1,0.25,mk10,mixed,0.5012206765340522,0.8,0.10333760875073494,0.033991892507765444,80
L2,0.25,mk10,mixed,0.3212374272018678,0.775,0.11088477750454331,0.040460862501640805,80
L3,0.25,mk10,mixed,-0.2352679784389295,0.525,0.16275110999849857,0.08475006375374505,80
L0,0.5,mk10,mixed,-0.01375090699554562,0.8,0.0892387950036209,0.019428376251016743,80
L1,0.5,mk10,mixed,0.35122067653405226,0.8,0.10459744125546422,0.035344117489876224,80
L2,0.5,mk10,mixed,0.3162374272018667,0.775,0.1184260412454023,0.04806655624706764,80
L3,0.5,mk10,mixed,-0.2852679784389295,0.55,0.2278373337467201,0.14982796624972253,80
L0,1.0,mk10,mixed,-0.01375090699554562,0.8,0.0894589787509176,0.019497268747363704,80
L1,1.0,mk10,mixed,0.47622067653405226,0.8,0.10548095124977408,0.036170523750479334,80
L2,1.0,mk10,mixed,0.3541838557733058,0.7875,0.1224698449994321,0.053022178744140544,80
L3,1.0,mk10,mixed,-0.29026797843893065,0.55,0.3549830187461339,0.27806004875019424,80
L0,2.0,mk10,mixed,-0.005804478424118997,0.8,0.08937162874208297,0.020237267504853662,80
L1,2.0,mk10,mixed,0.47622067653405226,0.8,0.10608403874648502,0.03729382749006618,80
L2,2.0,mk10,mixed,0.31872141102894036,0.8,0.1259518512582872,0.05720436625706497,80
L3,2.0,mk10,mixed,-0.2852679784389295,0.55,0.60421461124497,0.5263929800014011,80
L0,5.0,mk10,mixed,-0.005804478424118997,0.8,0.08785395124723436,0.01904760374891339,80
L1,5.0,mk10,mixed,0.32622067653405223,0.8,0.10403926624858287,0.03538603123888606,80
L2,5.0,mk10,mixed,0.3487214110289415,0.8,0.12937637499708216,0.060593233747931664,80
L3,5.0,mk10,mixed,-0.2852679784389295,0.55,1.355565893750463,1.2773832287508413,80
L0,0.25,mk6,arrival_only,0.0,1.0,0.08731941749865654,0.022168462511035613,40
L1,0.25,mk6,arrival_only,0.2012500000000003,1.0,0.09860276750987396,0.03359510999871418,40
L2,0.25,mk6,arrival_only,0.2012500000000003,1.0,0.09987832249898929,0.03571086499432567,40
L3,0.25,mk6,arrival_only,0.1341044343013323,0.625,0.18472765999904367,0.11129720500903204,40
L0,0.5,mk6,arrival_only,0.0,1.0,0.08808121249312535,0.02277276251115836,40
L1,0.5,mk6,arrival_only,0.2012500000000003,1.0,0.09915727498882916,0.03459458751021884,40
L2,0.5,mk6,arrival_only,0.2012500000000003,1.0,0.09985810500220396,0.03501451750053093,40
L3,0.5,mk6,arrival_only,0.1341044343013323,0.675,0.277339674992254,0.20371818749408704,40
L0,1.0,mk6,arrival_only,0.0,1.0,0.0884488825162407,0.023385942506138235,40
L1,1.0,mk6,arrival_only,0.2012500000000003,1.0,0.10097985499596689,0.03508757001254707,40
L2,1.0,mk6,arrival_only,0.2012500000000003,1.0,0.10030552499811166,0.03598061500815675,40
L3,1.0,mk6,arrival_only,0.1341044343013323,0.7,0.4345299750100821,0.36202630749030507,40
L0,2.0,mk6,arrival_only,0.0,1.0,0.08812087500409689,0.02279089500370901,40
L1,2.0,mk6,arrival_only,0.2012500000000003,1.0,0.09865068249637261,0.03332776499155443,40
L2,2.0,mk6,arrival_only,0.2012500000000003,1.0,0.10114796249836218,0.0364692949980963,40
L3,2.0,mk6,arrival_only,0.33347943430133287,0.725,0.7063729474961292,0.6342290149972541,40
L0,5.0,mk6,arrival_only,0.0,1.0,0.08763029500842094,0.02212060501042288,40
L1,5.0,mk6,arrival_only,0.2012500000000003,1.0,0.10094006749277469,0.036153199992259036,40
L2,5.0,mk6,arrival_only,0.2012500000000003,1.0,0.10048023750132415,0.03616945501416922,40
L3,5.0,mk6,arrival_only,0.13347943430133286,0.775,1.4621917724929516,1.3900658300030044,40
L0,0.25,mk6,breakdown_only,-0.2680279730413915,0.325,0.02264592999999877,0.008504934996017255,40
L1,0.25,mk6,breakdown_only,-0.006969954733713734,0.2,0.06040158250543755,0.044139802499557845,40
L2,0.25,mk6,breakdown_only,-0.006969954733713734,0.175,0.06548651750199497,0.04737780250434298,40
L3,0.25,mk6,breakdown_only,-0.006969954733713734,0.15,0.07386127250792925,0.05503939000773243,40
L0,0.5,mk6,breakdown_only,-0.2680279730413915,0.325,0.022806600006879306,0.008440577503642998,40
L1,0.5,mk6,breakdown_only,-0.006969954733713734,0.25,0.08404054999118671,0.0679822449979838,40
L2,0.5,mk6,breakdown_only,-0.006969954733713734,0.2,0.10119704249373171,0.08434538249566685,40
L3,0.5,mk6,breakdown_only,-0.006969954733713734,0.15,0.11876891748979687,0.09938286750402767,40
L0,1.0,mk6,breakdown_only,-0.2680279730413915,0.325,0.022528734992374667,0.008066567496280186,40
L1,1.0,mk6,breakdown_only,-0.2672594762468307,0.275,0.11437515749712475,0.09886733499588445,40
L2,1.0,mk6,breakdown_only,-0.006969954733713734,0.225,0.15189163500326686,0.1353532125125639,40
L3,1.0,mk6,breakdown_only,-0.006969954733713734,0.15,0.20575818250363226,0.1861424299859209,40
L0,2.0,mk6,breakdown_only,-0.2680279730413915,0.325,0.021860749990446494,0.007549852502415888,40
L1,2.0,mk6,breakdown_only,-0.26740297304139204,0.3,0.14159111249900888,0.1265970000065863,40
L2,2.0,mk6,breakdown_only,-0.00711345152827505,0.25,0.22924024500825907,0.2134168725082418,40
L3,2.0,mk6,breakdown_only,-0.006969954733713734,0.15,0.38059627249313055,0.36146415500261353,40
L0,5.0,mk6,breakdown_only,-0.2680279730413915,0.325,0.02307951999246143,0.008677249998436309,40
L1,5.0,mk6,breakdown_only,-0.26740297304139204,0.325,0.17104561001178809,0.15688997749239206,40
L2,5.0,mk6,breakdown_only,-0.2928261361709943,0.3,0.3064594000054058,0.2916739024920389,40
L3,5.0,mk6,breakdown_only,-0.006969954733713734,0.175,0.87046466000902,0.851898337493185,40
L0,0.25,mk6,mixed,-0.13479366150412844,0.875,0.06503841000667307,0.01916629875777289,80
L1,0.25,mk6,mixed,0.09604784764971086,0.825,0.08714842124754796,0.04063536499597831,80
L2,0.25,mk6,mixed,0.09604784764971086,0.8125,0.09207195250346559,0.0449066587476409,80
L3,0.25,mk6,mixed,-0.007077152350289851,0.575,0.15171705624670723,0.0984882299992023,80
L0,0.5,mk6,mixed,-0.13479366150412844,0.875,0.07243152124574408,0.020581453750492074,80
L1,0.5,mk6,mixed,0.09604784764971086,0.8375,0.10000279125670204,0.051344907500606496,80
L2,0.5,mk6,mixed,0.09604784764971086,0.8125,0.11122847124934196,0.06073851124383509,80
L3,0.5,mk6,mixed,0.09292284764971015,0.6375,0.21966437250084708,0.16392305999906967,80
L0,1.0,mk6,mixed,-0.13479366150412844,0.875,0.06849613875237992,0.02061614750273293,80
L1,1.0,mk6,mixed,-0.034096913106847634,0.85,0.11460597375116777,0.06640367874351796,80
L2,1.0,mk6,mixed,0.09604784764971086,0.825,0.13667145125364186,0.08704147999960696,80
L3,1.0,mk6,mixed,-0.03207715235028985,0.6375,0.3411421700002393,0.2866882112401072,80
L0,2.0,mk6,mixed,-0.13479366150412844,0.875,0.06602766125433845,0.019579679997696074,80
L1,2.0,mk6,mixed,-0.0341686615041283,0.8625,0.12427545374957845,0.07722964999265969,80
L2,2.0,mk6,mixed,0.0959760992524302,0.8375,0.17148826375050702,0.12367638124560472,80
L3,2.0,mk6,mixed,-0.007077152350289851,0.6375,0.5783886874953168,0.5254460512442165,80
L0,5.0,mk6,mixed,-0.13479366150412844,0.875,0.06640765000047395,0.019455718754034023,80
L1,5.0,mk6,mixed,-0.0341686615041283,0.875,0.1565832100051921,0.11059862125548534,80
L2,5.0,mk6,mixed,-0.0341686615041283,0.8625,0.21902456500247353,0.1716060012447997,80
L3,5.0,mk6,mixed,-0.007077152350289851,0.6875,1.234511811255652,1.1820441737407237,80
L0,0.25,mk7,arrival_only,0.0,1.0,0.04119572748895735,0.02378347501216922,40
L1,0.25,mk7,arrival_only,0.0375,0.875,0.09219994749582838,0.07200267000880559,40
L2,0.25,mk7,arrival_only,0.0375,0.8,0.1049824575020466,0.08366304249502718,40
L3,0.25,mk7,arrival_only,0.0,0.55,0.1537427450035466,0.12582410749455447,40
L0,0.5,mk7,arrival_only,0.0,1.0,0.041572810002253394,0.02421789000800345,40
L1,0.5,mk7,arrival_only,0.0375,0.95,0.10256864002149087,0.08435353000822943,40
L2,0.5,mk7,arrival_only,0.025,0.925,0.1329977749963291,0.1142229450022569,40
L3,0.5,mk7,arrival_only,0.0,0.6,0.2572030824958347,0.22977031750779134,40
L0,1.0,mk7,arrival_only,0.0,1.0,0.04062479498970788,0.02330781000200659,40
L1,1.0,mk7,arrival_only,0.0375,1.0,0.12427205500716809,0.10670700000191573,40
L2,1.0,mk7,arrival_only,0.025,0.975,0.1531041275098687,0.1355263324949192,40
L3,1.0,mk7,arrival_only,0.0,0.6,0.45948793248971925,0.43263899749144913,40
L0,2.0,mk7,arrival_only,0.0,1.0,0.041708882511011326,0.02433699250686914,40
L1,2.0,mk7,arrival_only,0.0375,1.0,0.13111230250506195,0.11325833751470782,40
L2,2.0,mk7,arrival_only,0.025,1.0,0.18369291750423145,0.16493930500291754,40
L3,2.0,mk7,arrival_only,0.0,0.65,0.8264851475076285,0.7971838849975029,40
L0,5.0,mk7,arrival_only,0.0,1.0,0.04216307250608224,0.024485482499585487,40
L1,5.0,mk7,arrival_only,0.0375,1.0,0.12178212250291835,0.10374836000264623,40
L2,5.0,mk7,arrival_only,0.025,1.0,0.18275651498988738,0.1644733749970328,40
L3,5.0,mk7,arrival_only,0.0,0.675,1.8678400874952785,1.8395071224949788,40
L0,0.25,mk7,breakdown_only,4.511660778234727e-05,0.5,0.024758389993803576,0.013204507509362884,40
L1,0.25,mk7,breakdown_only,4.511660778234727e-05,0.3,0.08884602000762243,0.07363237250247039,40
L2,0.25,mk7,breakdown_only,4.511660778234727e-05,0.25,0.09239204500045162,0.07550013750442304,40
L3,0.25,mk7,breakdown_only,4.511660778234727e-05,0.175,0.10323296498972923,0.08399419000779744,40
L0,0.5,mk7,breakdown_only,4.511660778234727e-05,0.5,0.024455222496180797,0.013131577512831427,40
L1,0.5,mk7,breakdown_only,4.511660778234727e-05,0.3,0.1410757525009103,0.12489010498684365,40
L2,0.5,mk7,breakdown_only,4.511660778234727e-05,0.3,0.14371474749641494,0.12822379999561234,40
L3,0.5,mk7,breakdown_only,4.511660778234727e-05,0.175,0.18348450999474153,0.16525222249620128,40
L0,1.0,mk7,breakdown_only,4.511660778234727e-05,0.5,0.023814752502948976,0.012495417494210414,40
L1,1.0,mk7,breakdown_only,4.511660778234727e-05,0.3,0.24076197751273867,0.22449297750135883,40
L2,1.0,mk7,breakdown_only,4.511660778234727e-05,0.3,0.24661764749907888,0.22940728499961552,40
L3,1.0,mk7,breakdown_only,4.511660778234727e-05,0.175,0.3478513049834874,0.3276987024961272,40
L0,2.0,mk7,breakdown_only,4.511660778234727e-05,0.5,0.023789637512527405,0.012405019992729648,40
L1,2.0,mk7,breakdown_only,4.511660778234727e-05,0.3,0.43945332499279177,0.4231421375006903,40
L2,2.0,mk7,breakdown_only,4.511660778234727e-05,0.3,0.44853868749924003,0.4313887650030665,40
L3,2.0,mk7,breakdown_only,4.511660778234727e-05,0.175,0.6730303800082765,0.652641589997802,40
L0,5.0,mk7,breakdown_only,4.511660778234727e-05,0.5,0.02388167500612326,0.012628542492166162,40
L1,5.0,mk7,breakdown_only,4.511660778234727e-05,0.375,0.8675735849916236,0.852140907489229,40
L2,5.0,mk7,breakdown_only,4.511660778234727e-05,0.325,1.0187454024940963,1.0030041450052523,40
L3,5.0,mk7,breakdown_only,4.511660778234727e-05,0.2,1.6351157600001898,1.614668727494427,40
L0,0.25,mk7,mixed,-0.100691566075335,0.8625,0.035968063746986446,0.020029923754918855,80
L1,0.25,mk7,mixed,-0.49484538652985177,0.6875,0.0977177187509369,0.07831661125092068,80
L2,0.25,mk7,mixed,-0.5276428442424106,0.6375,0.10263447125325911,0.08258975374919827,80
L3,0.25,mk7,mixed,-0.0015248994086675793,0.4875,0.13031965875416063,0.10624221374164336,80
L0,0.5,mk7,mixed,-0.100691566075335,0.8625,0.03638436000765068,0.020574399996257854,80
L1,0.5,mk7,mixed,-0.8497567290789447,0.7125,0.13738461500615812,0.11844608249812154,80
L2,0.5,mk7,mixed,-0.49639284424241054,0.7,0.14686870124278356,0.12717060499999205,80
L3,0.5,mk7,mixed,-0.0015248994086675793,0.5,0.22178985874488716,0.19765457000175957,80
L0,1.0,mk7,mixed,-0.100691566075335,0.8625,0.036284781256108546,0.020273477499722505,80
L1,1.0,mk7,mixed,-0.848209271366386,0.7375,0.20278164499177365,0.18388835500081768,80
L2,1.0,mk7,mixed,-0.8497567290789447,0.725,0.21940367499628338,0.2003919162481907,80
L3,1.0,mk7,mixed,-0.0015248994086675793,0.5,0.4048851087442017,0.3804034824992414,80
L0,2.0,mk7,mixed,-0.100691566075335,0.8625,0.036172487497969995,0.020211713746539316,80
L1,2.0,mk7,mixed,-0.8497567290789447,0.75,0.3218104450090323,0.30324823999835643,80
L2,2.0,mk7,mixed,-0.8497567290789447,0.7375,0.347233306254202,0.3282123849989148,80
L3,2.0,mk7,mixed,-0.0015248994086675793,0.5125,0.7652135899916175,0.739585389997228,80
L0,5.0,mk7,mixed,-0.09914410836277625,0.8625,0.035942378747859036,0.020135714999923948,80
L1,5.0,mk7,mixed,-0.8497567290789447,0.7875,0.5751569674932397,0.5572190712511655,80
L2,5.0,mk7,mixed,-0.7497567290789448,0.775,0.6293888750049519,0.611276678746799,80
L3,5.0,mk7,mixed,-0.0006915660753350039,0.5375,1.7492271650015028,1.7236070275044768,80
L0,0.25,mk8,arrival_only,0.0,1.0,0.07100413000734988,0.01842869500396773,40
L1,0.25,mk8,arrival_only,0.0,1.0,0.07345144000137224,0.02103016999317333,40
L2,0.25,mk8,arrival_only,-0.009999999999990905,1.0,0.07274207250156906,0.019677350000711157,40
L3,0.25,mk8,arrival_only,0.0,0.625,0.16381885499868076,0.10281553249806166,40
L0,0.5,mk8,arrival_only,0.0,1.0,0.0698999824904604,0.0176437850081129,40
L1,0.5,mk8,arrival_only,0.014642857142848697,1.0,0.072263752494473,0.02026393500273116,40
L2,0.5,mk8,arrival_only,-0.009999999999990905,1.0,0.07252453250694088,0.019822904991451652,40
L3,0.5,mk8,arrival_only,0.0,0.625,0.2575265199877322,0.19695091750181745,40
L0,1.0,mk8,arrival_only,0.0,1.0,0.06967395499814302,0.017212942501646466,40
L1,1.0,mk8,arrival_only,0.014642857142848697,1.0,0.07216612249903846,0.019874697498744355,40
L2,1.0,mk8,arrival_only,-0.009999999999990905,1.0,0.0721536124969134,0.01948370500758756,40
L3,1.0,mk8,arrival_only,0.0,0.65,0.43775987249973697,0.3769409725005971,40
L0,2.0,mk8,arrival_only,0.0,1.0,0.07040739500662312,0.01820664251281414,40
L1,2.0,mk8,arrival_only,0.0,1.0,0.07347188750864006,0.020891352501348593,40
L2,2.0,mk8,arrival_only,-0.009999999999990905,1.0,0.07126067000208422,0.019168149994220583,40
L3,2.0,mk8,arrival_only,0.0,0.65,0.7860103399958461,0.7231211850070395,40
L0,5.0,mk8,arrival_only,0.0,1.0,0.06999654250103049,0.017648495000321417,40
L1,5.0,mk8,arrival_only,0.014642857142848697,1.0,0.07283325999451336,0.020838242510217243,40
L2,5.0,mk8,arrival_only,-0.009999999999990905,1.0,0.07234834000119009,0.02034742750111036,40
L3,5.0,mk8,arrival_only,0.0,0.675,1.836882042500656,1.7708797975064954,40
L0,0.25,mk8,breakdown_only,0.0,0.325,0.02993446749751456,0.007942635007202626,40
L1,0.25,mk8,breakdown_only,0.010000000000013642,0.3,0.04871182250208221,0.02618038500077091,40
L2,0.25,mk8,breakdown_only,0.0,0.25,0.05223515500547364,0.02874076000007335,40
L3,0.25,mk8,breakdown_only,0.0,0.1,0.09122631999780424,0.06388555500016083,40
L0,0.5,mk8,breakdown_only,0.0,0.325,0.02986839249788318,0.008029252488631755,40
L1,0.5,mk8,breakdown_only,0.010000000000013642,0.3,0.05184187249687966,0.029491987489745953,40
L2,0.5,mk8,breakdown_only,0.0,0.25,0.07196473748772406,0.048439252507523636,40
L3,0.5,mk8,breakdown_only,0.0,0.1,0.15033260749478358,0.12237538748886437,40
L0,1.0,mk8,breakdown_only,0.0,0.325,0.02972692001494579,0.007407972501823679,40
L1,1.0,mk8,breakdown_only,0.010000000000013642,0.3,0.0665414349961793,0.043869260014616884,40
L2,1.0,mk8,breakdown_only,0.0,0.25,0.11030422749754507,0.08601777500589378,40
L3,1.0,mk8,breakdown_only,0.0,0.125,0.25383648500137496,0.22727397250419018,40
L0,2.0,mk8,breakdown_only,0.0,0.325,0.03015486999647692,0.008102167496690526,40
L1,2.0,mk8,breakdown_only,0.010000000000013642,0.3,0.09155499001208227,0.06858714000845793,40
L2,2.0,mk8,breakdown_only,0.0,0.25,0.185630932499771,0.1608808649936691,40
L3,2.0,mk8,breakdown_only,0.0,0.125,0.45910292749467774,0.43153516500024125,40
L0,5.0,mk8,breakdown_only,0.0,0.325,0.030861782500869593,0.00855107749812305,40
L1,5.0,mk8,breakdown_only,0.010000000000013642,0.3,0.1726490999950329,0.15029108499875293,40
L2,5.0,mk8,breakdown_only,0.0,0.25,0.415068835002603,0.3862519175047055,40
L3,5.0,mk8,breakdown_only,0.0,0.15,1.0423170024878345,1.011623405010323,40
L0,0.25,mk8,mixed,0.0,0.7875,0.05742045124497963,0.014748714998131619,80
L1,0.25,mk8,mixed,0.01732142857142662,0.7625,0.06965567249717423,0.026762317489192354,80
L2,0.25,mk8,mixed,-0.0049999999999954525,0.75,0.07142335875250864,0.027588873749482445,80
L3,0.25,mk8,mixed,0.12000000000000455,0.475,0.13966344250075052,0.08958447250042809,80
L0,0.5,mk8,mixed,0.0,0.7875,0.05795366124948487,0.0156368887561257,80
L1,0.5,mk8,mixed,0.01732142857142662,0.775,0.07229581374849658,0.029328022499976215,80
L2,0.5,mk8,mixed,-0.0049999999999954525,0.75,0.07999666500254535,0.03668630250176648,80
L3,0.5,mk8,mixed,0.12000000000000455,0.475,0.21662318625312765,0.16662418000050822,80
L0,1.0,mk8,mixed,0.0,0.7875,0.05766941499896348,0.015370962501037866,80
L1,1.0,mk8,mixed,0.01732142857142662,0.775,0.07896174499765038,0.03619347999629099,80
L2,1.0,mk8,mixed,-0.0049999999999954525,0.75,0.0988187862560153,0.055562207495677286,80
L3,1.0,mk8,mixed,0.12000000000000455,0.4875,0.36867977874935604,0.31880120125279066,80
L0,2.0,mk8,mixed,0.0,0.7875,0.05711893375555519,0.01489723249542294,80
L1,2.0,mk8,mixed,0.005000000000006821,0.775,0.09123699874180602,0.04826089750131359,80
L2,2.0,mk8,mixed,-0.0049999999999954525,0.75,0.13622224749560702,0.09324649875197792,80
L3,2.0,mk8,mixed,0.12000000000000455,0.5375,0.6565438900026492,0.6061065774978488,80
L0,5.0,mk8,mixed,0.0,0.7875,0.058123561249522025,0.015475496255385223,80
L1,5.0,mk8,mixed,0.01732142857142662,0.775,0.1275972787523642,0.08500041375373257,80
L2,5.0,mk8,mixed,-0.0049999999999954525,0.75,0.2518745337525615,0.20624238375312415,80
L3,5.0,mk8,mixed,0.12000000000000455,0.5375,1.4100831724936143,1.356098794999707,80
L0,0.25,mk9,arrival_only,0.0,1.0,0.11235124499362428,0.022059355006786064,40
L1,0.25,mk9,arrival_only,0.0,1.0,0.11796711750212126,0.028910857494338416,40
L2,0.25,mk9,arrival_only,0.0,1.0,0.11742201499873772,0.02777518250513822,40
L3,0.25,mk9,arrival_only,0.0,0.675,0.2010387024958618,0.10128306000842713,40
L0,0.5,mk9,arrival_only,0.0,1.0,0.1129059549944941,0.02383212999557145,40
L1,0.5,mk9,arrival_only,0.0,1.0,0.11921283000556286,0.02989696999429725,40
L2,0.5,mk9,arrival_only,0.0,1.0,0.11728877750865649,0.028229277493664995,40
L3,0.5,mk9,arrival_only,0.0,0.675,0.28150469999818595,0.1834503899968695,40
L0,1.0,mk9,arrival_only,0.0,1.0,0.11353388499410358,0.023647197501850313,40
L1,1.0,mk9,arrival_only,0.0,1.0,0.12068064498889726,0.03059222999145277,40
L2,1.0,mk9,arrival_only,0.0,1.0,0.11749802250997163,0.02870693500735797,40
L3,1.0,mk9,arrival_only,0.0,0.675,0.4431203600077424,0.3453173174930271,40
L0,2.0,mk9,arrival_only,0.0,1.0,0.11087189499812666,0.022545642507611773,40
L1,2.0,mk9,arrival_only,0.0,1.0,0.11954624999489169,0.03038119249686133,40
L2,2.0,mk9,arrival_only,0.0,1.0,0.11776115249376744,0.028992229999857955,40
L3,2.0,mk9,arrival_only,0.0,0.675,0.7678308499976992,0.6698984175018268,40
L0,5.0,mk9,arrival_only,0.0,1.0,0.11192411499796436,0.023867097499896774,40
L1,5.0,mk9,arrival_only,0.0,1.0,0.11731299999519251,0.02928084250888787,40
L2,5.0,mk9,arrival_only,0.0,1.0,0.11638064500584733,0.028389667489682323,40
L3,5.0,mk9,arrival_only,0.0,0.7,1.7176930124900536,1.6191716499946778,40
L0,0.25,mk9,breakdown_only,0.06092952190564347,0.325,0.04605971500568558,0.009670319993165321,40
L1,0.25,mk9,breakdown_only,0.09066058251170261,0.225,0.08031511499139014,0.04102729499863926,40
L2,0.25,mk9,breakdown_only,0.001179521905646652,0.2,0.08661818499385845,0.047773032489931214,40
L3,0.25,mk9,breakdown_only,0.0,0.0,0.12776038749725557,0.08149074249377009,40
L0,0.5,mk9,breakdown_only,0.06092952190564347,0.325,0.04667086749104783,0.00988441999652423,40
L1,0.5,mk9,breakdown_only,0.09066058251170261,0.225,0.10459485500468872,0.06566434498818126,40
L2,0.5,mk9,breakdown_only,0.001179521905646652,0.2,0.11716688250598964,0.07814242998429108,40
L3,0.5,mk9,breakdown_only,0.0,0.0,0.20793253499432468,0.16274281000369228,40
L0,1.0,mk9,breakdown_only,0.06092952190564347,0.325,0.04585826249385718,0.009250102503574453,40
L1,1.0,mk9,breakdown_only,0.09066058251170261,0.225,0.15412272750982084,0.11523696999938693,40
L2,1.0,mk9,breakdown_only,0.001179521905646652,0.225,0.17739879000291695,0.13884311500878538,40
L3,1.0,mk9,breakdown_only,0.0,0.025,0.3602219399966998,0.31542748749197924,40
L0,2.0,mk9,breakdown_only,0.06092952190564347,0.325,0.04567852999316528,0.00967227750516031,40
L1,2.0,mk9,breakdown_only,0.15166058251170397,0.275,0.21290010001102927,0.17497753250063397,40
L2,2.0,mk9,breakdown_only,0.001179521905646652,0.225,0.2661559899977874,0.2267609300062759,40
L3,2.0,mk9,breakdown_only,0.0,0.025,0.6608859724889043,0.6146657699922798,40
L0,5.0,mk9,breakdown_only,0.06092952190564347,0.325,0.04625362499791663,0.0100554850010667,40
L1,5.0,mk9,breakdown_only,0.15166058251170397,0.325,0.24978136748541147,0.21398737499548587,40
L2,5.0,mk9,breakdown_only,0.001179521905646652,0.225,0.5740313699934632,0.5349746424995828,40
L3,5.0,mk9,breakdown_only,-0.006749999999999545,0.075,1.458053985016886,1.4142154974892036,40
L0,0.25,mk9,mixed,0.03872875504729904,0.85,0.08693590875045629,0.01987214123364538,80
L1,0.25,mk9,mixed,0.008228755047298364,0.7875,0.10912143750174437,0.041200737502367704,80
L2,0.25,mk9,mixed,0.008228755047298364,0.775,0.11167186375096208,0.04313525375910103,80
L3,0.25,mk9,mixed,0.008263994094477312,0.525,0.16926561499858508,0.09343365499662468,80
L0,0.5,mk9,mixed,0.03872875504729904,0.85,0.08634384499164298,0.02006549000070663,80
L1,0.5,mk9,mixed,0.008228755047298364,0.8,0.12192368249379797,0.05436045374226524,80
L2,0.5,mk9,mixed,0.008228755047298364,0.775,0.13043825624772581,0.062399921246105806,80
L3,0.5,mk9,mixed,0.008263994094477312,0.5375,0.24720257499866422,0.1724014437480946,80
L0,1.0,mk9,mixed,0.03872875504729904,0.85,0.08572913874813821,0.01932138499832945,80
L1,1.0,mk9,mixed,0.008228755047298364,0.8125,0.1448089837518637,0.07733456499991007,80
L2,1.0,mk9,mixed,0.008228755047298364,0.8,0.1594738087558653,0.09183241749851731,80
L3,1.0,mk9,mixed,0.008263994094477312,0.55,0.4043999250046909,0.3285429550014669,80
L0,2.0,mk9,mixed,0.03872875504729904,0.85,0.08706922000274062,0.0195566437439993,80
L1,2.0,mk9,mixed,0.03872875504729904,0.825,0.17768868874263716,0.11022717373998603,80
L2,2.0,mk9,mixed,0.008228755047298364,0.8,0.2131929487542948,0.14462731124804123,80
L3,2.0,mk9,mixed,0.008263994094477312,0.55,0.7014944150068914,0.6251351637474727,80
L0,5.0,mk9,mixed,0.03872875504729904,0.85,0.08632424125826219,0.019393796239455696,80
L1,5.0,mk9,mixed,0.03872875504729904,0.85,0.1984066162520321,0.13214667749998626,80
L2,5.0,mk9,mixed,0.008228755047298364,0.8,0.3651494637451833,0.29723288124805547,80
L3,5.0,mk9,mixed,0.008263994094477312,0.5875,1.5714335362499696,1.4958690712534009,80
L0,0.25,synthetic_100x20,arrival_only,0.0,1.0,3.3942991250031627,0.06549174100393429,100
L1,0.25,synthetic_100x20,arrival_only,-0.005111111111182254,0.9,3.4165167200029827,0.08854721499374137,100
L2,0.25,synthetic_100x20,arrival_only,-0.005111111111182254,0.9,3.4230734630022197,0.09100949900341221,100
L3,0.25,synthetic_100x20,arrival_only,0.0,0.49,3.4833806490013375,0.13701000200002456,100
L0,0.5,synthetic_100x20,arrival_only,0.0,1.0,3.405411481995834,0.0666447049973067,100
L1,0.5,synthetic_100x20,arrival_only,-0.005111111111182254,0.99,3.4375370929937343,0.10183981199981645,100
L2,0.5,synthetic_100x20,arrival_only,-0.005111111111182254,0.98,3.4371383990102915,0.10502829599543474,100
L3,0.5,synthetic_100x20,arrival_only,0.0,0.5,3.6062562779989094,0.2589758690004237,100
L0,1.0,synthetic_100x20,arrival_only,0.0,1.0,3.3927839720004704,0.06636854499811307,100
L1,1.0,synthetic_100x20,arrival_only,-0.005111111111182254,0.99,3.432649433000479,0.1036187639948912,100
L2,1.0,synthetic_100x20,arrival_only,-0.005111111111182254,0.99,3.4429987880028783,0.11491007700213231,100
L3,1.0,synthetic_100x20,arrival_only,0.0,0.51,3.8895494480011985,0.5099672580021434,100
L0,2.0,synthetic_100x20,arrival_only,0.0,1.0,3.3938519270019607,0.06588987600058317,100
L1,2.0,synthetic_100x20,arrival_only,-0.005111111111182254,1.0,175.09260125499452,0.10624802300939336,100
L2,2.0,synthetic_100x20,arrival_only,-0.005111111111182254,1.0,4.558684188000625,0.14125811699894256,100
L3,2.0,synthetic_100x20,arrival_only,0.0,0.51,4.385254342998378,1.00082171499962,100
L0,5.0,synthetic_100x20,arrival_only,0.0,1.0,3.395901561997598,0.06779967500362545,100
L1,5.0,synthetic_100x20,arrival_only,-0.005111111111182254,1.0,3.415779826004291,0.10307986000203527,100
L2,5.0,synthetic_100x20,arrival_only,-0.005111111111182254,1.0,3.4240813909866845,0.1138275769969914,100
L3,5.0,synthetic_100x20,arrival_only,0.0,0.52,5.830264096002793,2.4466000919998625,100
L0,0.25,synthetic_100x20,breakdown_only,1.8068700157426065,0.35,2.8744969240075444,0.029906766996718945,100
L1,0.25,synthetic_100x20,breakdown_only,-5.888274658824667,0.23,2.9288175280008,0.06714952499954961,100
L2,0.25,synthetic_100x20,breakdown_only,0.0,0.11,2.9451974639901892,0.0803263420064468,100
L3,0.25,synthetic_100x20,breakdown_only,0.0,0.0,2.950891583998455,0.0880088470003102,100
L0,0.5,synthetic_100x20,breakdown_only,1.8068700157426065,0.35,2.8725564590026624,0.028620752007700503,100
L1,0.5,synthetic_100x20,breakdown_only,-3.4587575445888796,0.31,2.9272884000011254,0.07931277499883435,100
L2,0.5,synthetic_100x20,breakdown_only,-5.234709299521637,0.26,2.9600983940006698,0.1092129710095469,100
L3,0.5,synthetic_100x20,breakdown_only,0.0,0.0,3.032436171994777,0.1724995309941005,100
L0,1.0,synthetic_100x20,breakdown_only,1.8068700157426065,0.35,2.8784838050114923,0.0296944029990118,100
L1,1.0,synthetic_100x20,breakdown_only,-3.4587575445888796,0.31,2.9495589779980946,0.09675182300037705,100
L2,1.0,synthetic_100x20,breakdown_only,-3.4587575445888796,0.29,2.9826499510020947,0.14350644399994053,100
L3,1.0,synthetic_100x20,breakdown_only,0.0,0.0,3.2209652899974026,0.35021606299909763,100
L0,2.0,synthetic_100x20,breakdown_only,1.8068700157426065,0.35,2.8586418169981336,0.028831116002984346,100
L1,2.0,synthetic_100x20,breakdown_only,-3.4587575445888796,0.31,2.985308809998678,0.13677105499780737,100
L2,2.0,synthetic_100x20,breakdown_only,-3.4587575445888796,0.31,3.0246520860062445,0.19000550899771043,100
L3,2.0,synthetic_100x20,breakdown_only,0.0,0.0,3.576620505999308,0.7007613990001846,100
L0,5.0,synthetic_100x20,breakdown_only,1.8068700157426065,0.35,2.8766012450004927,0.02818559700390324,100
L1,5.0,synthetic_100x20,breakdown_only,-3.4587575445888796,0.34,3.052198090989841,0.20536195999244228,100
L2,5.0,synthetic_100x20,breakdown_only,-3.4587575445888796,0.32,3.1530308649968357,0.3070913599990308,100
L3,5.0,synthetic_100x20,breakdown_only,0.0,0.0,4.641252225994831,1.7507301599986385,100
L0,0.25,synthetic_100x20,mixed,0.011510108368238434,0.65,2.2428482009988513,0.04183845050283708,200
L1,0.25,synthetic_100x20,mixed,0.29546159797901056,0.58,2.2752937095059313,0.06505069149832707,200
L2,0.25,synthetic_100x20,mixed,0.297630419779307,0.555,2.278127478005481,0.07146802800358273,200
L3,0.25,synthetic_100x20,mixed,0.0,0.27,2.3212738010031173,0.09972579199937172,200
L0,0.5,synthetic_100x20,mixed,0.011510108368238434,0.65,2.2574759304948384,0.04207171349786222,200
L1,0.5,synthetic_100x20,mixed,0.29747595185763204,0.64,2.2819301924982573,0.07370922799455001,200
L2,0.5,synthetic_100x20,mixed,0.29546159797901056,0.62,2.300815742001869,0.08780631199595518,200
L3,0.5,synthetic_100x20,mixed,0.0,0.27,2.430542376502999,0.1935679074988002,200
L0,1.0,synthetic_100x20,mixed,0.011510108368238434,0.65,2.234414498494589,0.041205487502738836,200
L1,1.0,synthetic_100x20,mixed,0.297463427271432,0.65,2.2675858049996895,0.07664691800193396,200
L2,1.0,synthetic_100x20,mixed,0.2974166100531875,0.64,2.290426558003528,0.0941666234965669,200
L3,1.0,synthetic_100x20,mixed,0.0,0.275,2.6137939710053617,0.3837353940028697,200
L0,2.0,synthetic_100x20,mixed,0.011510108368238434,0.65,2.2455307344993343,0.04169184800004586,200
L1,2.0,synthetic_100x20,mixed,0.297463427271432,0.65,2.2762704890000167,0.0762167660013074,200
L2,2.0,synthetic_100x20,mixed,0.2974166100531875,0.645,2.2990955785039113,0.0990963000006741,200
L3,2.0,synthetic_100x20,mixed,0.0,0.275,2.9934856560034677,0.7585913965007057,200
L0,5.0,synthetic_100x20,mixed,0.011510108368238434,0.65,2.24041591950343,0.041525214497814884,200
L1,5.0,synthetic_100x20,mixed,0.297463427271432,0.65,2.2875358100025913,0.07558453250210732,200
L2,5.0,synthetic_100x20,mixed,0.297463427271432,0.65,2.3002508050046164,0.09973579399927984,200
L3,5.0,synthetic_100x20,mixed,0.0,0.275,4.127868786006584,1.883768057000707,200
L0,0.25,synthetic_30x10,arrival_only,0.0,1.0,0.15771844399743715,0.02830340399988927,100
L1,0.25,synthetic_30x10,arrival_only,0.8544593207869912,0.99,0.18114212200627663,0.05176134699722752,100
L2,0.25,synthetic_30x10,arrival_only,0.8544336797613505,1.0,0.18504116300144233,0.05652212800807319,100
L3,0.25,synthetic_30x10,arrival_only,0.0,0.56,0.2645817499910481,0.12138116400572471,100
L0,0.5,synthetic_30x10,arrival_only,0.0,1.0,0.1566340130008757,0.028268731004791336,100
L1,0.5,synthetic_30x10,arrival_only,0.8544336797613505,1.0,0.18020077899564058,0.05231594099663198,100
L2,0.5,synthetic_30x10,arrival_only,0.8544593207869912,1.0,0.1849631410057191,0.05757439399138093,100
L3,0.5,synthetic_30x10,arrival_only,0.0,0.56,0.3776075860054698,0.23164912100182847,100
L0,1.0,synthetic_30x10,arrival_only,0.0,1.0,0.16318657499272377,0.029928687004139646,100
L1,1.0,synthetic_30x10,arrival_only,0.8544593207869912,1.0,0.18248054099851288,0.054497945996699854,100
L2,1.0,synthetic_30x10,arrival_only,0.8544593207869912,1.0,0.1830524899950251,0.05637186699779704,100
L3,1.0,synthetic_30x10,arrival_only,0.8584336797613651,0.57,0.5941968300007283,0.45147722300491294,100
L0,2.0,synthetic_30x10,arrival_only,0.0,1.0,0.15712139700422995,0.028943192997248842,100
L1,2.0,synthetic_30x10,arrival_only,0.8544593207869912,1.0,0.18146716499701143,0.052474142998689785,100
L2,2.0,synthetic_30x10,arrival_only,0.8544336797613505,1.0,0.18411443500313907,0.054826001001056286,100
L3,2.0,synthetic_30x10,arrival_only,0.8584336797613651,0.57,1.0267096799914726,0.8814383450068999,100
L0,5.0,synthetic_30x10,arrival_only,0.0,1.0,0.15699801299953833,0.028679220003541558,100
L1,5.0,synthetic_30x10,arrival_only,0.8544593207869912,1.0,0.1805670950107742,0.05236917299567722,100
L2,5.0,synthetic_30x10,arrival_only,0.8544593207869912,1.0,0.18691096600028687,0.059347948007052766,100
L3,5.0,synthetic_30x10,arrival_only,0.8584336797613651,0.57,2.327007626008708,2.1794563509966247,100
L0,0.25,synthetic_30x10,breakdown_only,1.4570022149883153,0.39,0.080510723994812,0.014271046998910606,100
L1,0.25,synthetic_30x10,breakdown_only,-3.1360678417913004,0.27,0.12903751699603164,0.06094293700181879,100
L2,0.25,synthetic_30x10,breakdown_only,-3.1143686832063393,0.24,0.13542457399889826,0.06616879500332289,100
L3,0.25,synthetic_30x10,breakdown_only,0.008444254684436601,0.05,0.16469769201008602,0.08698668099939823,100
L0,0.5,synthetic_30x10,breakdown_only,1.4570022149883153,0.39,0.07923037400003523,0.013568325004307553,100
L1,0.5,synthetic_30x10,breakdown_only,-3.1143686832063393,0.31,0.14766144399531186,0.08045388300088234,100
L2,0.5,synthetic_30x10,breakdown_only,-3.1143686832063393,0.29,0.15938665500376373,0.09097852700273507,100
L3,0.5,synthetic_30x10,breakdown_only,0.008444254684436601,0.05,0.24928254000260494,0.17183694899897092,100
L0,1.0,synthetic_30x10,breakdown_only,1.4570022149883153,0.39,0.07928553199395537,0.0138154949946329,100
L1,1.0,synthetic_30x10,breakdown_only,-3.1143686832063393,0.35,0.1707245729956776,0.10445473199128173,100
L2,1.0,synthetic_30x10,breakdown_only,-3.1360678417913004,0.33,0.19743451700429432,0.13089966000639833,100
L3,1.0,synthetic_30x10,breakdown_only,0.008444254684436601,0.06,0.41735968000022694,0.34040244499919936,100
L0,2.0,synthetic_30x10,breakdown_only,1.4570022149883153,0.39,0.07926915400661529,0.013945729995612055,100
L1,2.0,synthetic_30x10,breakdown_only,-3.1360678417913004,0.37,0.20166694599436596,0.13455200200434775,100
L2,2.0,synthetic_30x10,breakdown_only,-3.1143686832063393,0.35,0.2390580809954554,0.17285211700829678,100
L3,2.0,synthetic_30x10,breakdown_only,0.008444254684436601,0.06,0.746558872006135,0.6675602979969699,100
L0,5.0,synthetic_30x10,breakdown_only,1.4570022149883153,0.39,0.0801253280020319,0.013803418008610607,100
L1,5.0,synthetic_30x10,breakdown_only,-3.1143686832063393,0.38,0.24201795499771833,0.17481766299693846,100
L2,5.0,synthetic_30x10,breakdown_only,-3.1143686832063393,0.38,0.29872706899303014,0.23262510499916972,100
L3,5.0,synthetic_30x10,breakdown_only,0.008444254684436601,0.08,1.6921667520026675,1.608300291002961,100
L0,0.25,synthetic_30x10,mixed,0.544066468271576,0.69,0.0958272375020897,0.019180633999058047,200
L1,0.25,synthetic_30x10,mixed,0.47370979358805926,0.67,0.11542715499992483,0.03896179049683269,200
L2,0.25,synthetic_30x10,mixed,0.06592172204555027,0.665,0.12129687299544457,0.043005429496988656,200
L3,0.25,synthetic_30x10,mixed,0.22895771775452886,0.39,0.17171369149698876,0.08438148249697405,200
L0,0.5,synthetic_30x10,mixed,0.544066468271576,0.69,0.09641243400459644,0.018745602995622904,200
L1,0.5,synthetic_30x10,mixed,0.47371317416074815,0.69,0.11848862099519465,0.041367173496400934,200
L2,0.5,synthetic_30x10,mixed,0.0659379231310595,0.68,0.12332013749575708,0.046160975498496556,200
L3,0.5,synthetic_30x10,mixed,0.22895771775452886,0.39,0.24560371650382876,0.15925475249707233,200
L0,1.0,synthetic_30x10,mixed,0.544066468271576,0.69,0.09561582799477036,0.018719193002325482,200
L1,1.0,synthetic_30x10,mixed,0.4737259946735685,0.69,0.11771994899725541,0.04144374799390789,200
L2,1.0,synthetic_30x10,mixed,0.06592510261823918,0.685,0.12520806399872528,0.04875937250035349,200
L3,1.0,synthetic_30x10,mixed,0.22895771775452886,0.395,0.3949140705028549,0.3078917700034799,200
L0,2.0,synthetic_30x10,mixed,0.544066468271576,0.69,0.09573315800051205,0.01908281749871094,200
L1,2.0,synthetic_30x10,mixed,0.47371317416074815,0.69,0.11777955049707088,0.0401538164971862,200
L2,2.0,synthetic_30x10,mixed,0.0659379231310595,0.69,0.12614598150074016,0.048480215503950604,200
L3,2.0,synthetic_30x10,mixed,0.22895771775452886,0.395,0.6902608465019148,0.6017311810015236,200
L0,5.0,synthetic_30x10,mixed,0.544066468271576,0.69,0.09629432850575541,0.019172915502567774,200
L1,5.0,synthetic_30x10,mixed,0.4737259946735685,0.69,0.11561224400065839,0.03949056800396647,200
L2,5.0,synthetic_30x10,mixed,0.06592510261823918,0.69,0.12464414500107523,0.04803508499928284,200
L3,5.0,synthetic_30x10,mixed,0.22895771775452886,0.395,1.5794392039993546,1.4879979009984527,200
L0,0.25,synthetic_50x15,arrival_only,0.0,1.0,0.5410428660025355,0.03410623599542305,100
L1,0.25,synthetic_50x15,arrival_only,0.0,1.0,0.5645053100015502,0.05560284300823696,100
L2,0.25,synthetic_50x15,arrival_only,0.0,1.0,0.5728794789989479,0.05769048100453802,100
L3,0.25,synthetic_50x15,arrival_only,0.0,0.54,0.6610633810108993,0.12610858299536631,100
L0,0.5,synthetic_50x15,arrival_only,0.0,1.0,0.5426284490001854,0.0338334480044432,100
L1,0.5,synthetic_50x15,arrival_only,0.0,1.0,0.5598776970000472,0.054108053996460515,100
L2,0.5,synthetic_50x15,arrival_only,0.0,1.0,0.5644556850008666,0.057698950001504275,100
L3,0.5,synthetic_50x15,arrival_only,-0.10344444444439432,0.56,0.7736128150031436,0.23734324200311677,100
L0,1.0,synthetic_50x15,arrival_only,0.0,1.0,0.5491500269959215,0.03590548499720171,100
L1,1.0,synthetic_50x15,arrival_only,0.0,1.0,0.5660937579954043,0.05556559999473393,100
L2,1.0,synthetic_50x15,arrival_only,0.0,1.0,0.565108019002946,0.05878522600629367,100
L3,1.0,synthetic_50x15,arrival_only,-0.10344444444439432,0.58,0.9856743730057497,0.4521866099932231,100
L0,2.0,synthetic_50x15,arrival_only,0.0,1.0,0.5465383729932364,0.03580381100182421,100
L1,2.0,synthetic_50x15,arrival_only,0.0,1.0,0.571719952999847,0.056012483004014936,100
L2,2.0,synthetic_50x15,arrival_only,0.0,1.0,0.5711065990000498,0.060228902999078855,100
L3,2.0,synthetic_50x15,arrival_only,-0.10344444444439432,0.58,1.4082288419920952,0.8741496690013446,100
L0,5.0,synthetic_50x15,arrival_only,0.0,1.0,0.5413590799982194,0.034849720001220705,100
L1,5.0,synthetic_50x15,arrival_only,0.0,1.0,0.5703617550071794,0.05542194799985736,100
L2,5.0,synthetic_50x15,arrival_only,0.0,1.0,0.571413311001379,0.059127099993638695,100
L3,5.0,synthetic_50x15,arrival_only,-0.10344444444439432,0.59,2.651812175002415,2.114688768995693,100
L0,0.25,synthetic_50x15,breakdown_only,0.14644861747488902,0.4,0.3480037010030355,0.01714071200345643,100
L1,0.25,synthetic_50x15,breakdown_only,0.009372036385320826,0.3,0.39294705900363625,0.05976183399907313,100
L2,0.25,synthetic_50x15,breakdown_only,0.00478497224576131,0.23,0.39921326900250276,0.06517502999748104,100
L3,0.25,synthetic_50x15,breakdown_only,0.004789890237589134,0.09,0.42133737700176427,0.08058328800019808,100
L0,0.5,synthetic_50x15,breakdown_only,0.14644861747488902,0.4,0.34029464300954715,0.016620629000244663,100
L1,0.5,synthetic_50x15,breakdown_only,0.009372036385320826,0.33,0.4057648649998009,0.07885073100333102,100
L2,0.5,synthetic_50x15,breakdown_only,0.0067566517699015095,0.3,0.4231977629987523,0.09404128200141713,100
L3,0.5,synthetic_50x15,breakdown_only,0.00478497224576131,0.1,0.49864212500397115,0.15570654500159434,100
L0,1.0,synthetic_50x15,breakdown_only,0.14644861747488902,0.4,0.34865115000051444,0.01710158699657768,100
L1,1.0,synthetic_50x15,breakdown_only,0.009372036385320826,0.37,0.4361291439936031,0.1040924899908714,100
L2,1.0,synthetic_50x15,breakdown_only,0.009372036385320826,0.32,0.4712459489994217,0.1388503589981701,100
L3,1.0,synthetic_50x15,breakdown_only,0.00478497224576131,0.1,0.6501719780021813,0.3048977189976722,100
L0,2.0,synthetic_50x15,breakdown_only,0.14644861747488902,0.4,0.34145286200684494,0.017553465995006262,100
L1,2.0,synthetic_50x15,breakdown_only,0.009372036385320826,0.38,0.4608244149968959,0.1357216400047764,100
L2,2.0,synthetic_50x15,breakdown_only,0.009372036385320826,0.34,0.5305812529870308,0.2039458039915189,100
L3,2.0,synthetic_50x15,breakdown_only,0.00478497224576131,0.1,0.9566336619958747,0.6051128869922832,100
L0,5.0,synthetic_50x15,breakdown_only,0.14644861747488902,0.4,0.3453646169998683,0.017339739004382862,100
L1,5.0,synthetic_50x15,breakdown_only,0.009372036385320826,0.39,0.4920282480074093,0.16481741500319913,100
L2,5.0,synthetic_50x15,breakdown_only,0.009372036385320826,0.34,0.7079829050065019,0.37805235300329515,100
L3,5.0,synthetic_50x15,breakdown_only,0.00478497224576131,0.1,1.8550489759980702,1.5048210409993772,100
L0,0.25,synthetic_50x15,mixed,0.30699329508133816,0.71,0.3509565824974561,0.025446368500124664,200
L1,0.25,synthetic_50x15,mixed,0.23845500453655405,0.675,0.3787012540030992,0.05474495199858211,200
L2,0.25,synthetic_50x15,mixed,0.24505296900704707,0.645,0.3844046685053036,0.05908120799576864,200
L3,0.25,synthetic_50x15,mixed,0.5266998147185222,0.35,0.44005859150027393,0.10002321900276001,200
L0,0.5,synthetic_50x15,mixed,0.30699329508133816,0.71,0.3500818029994843,0.023884884000290187,200
L1,0.5,synthetic_50x15,mixed,0.23845500453655405,0.69,0.38790025950118434,0.06298352850019001,200
L2,0.5,synthetic_50x15,mixed,0.2371473122288444,0.675,0.3937901230005082,0.07058603599783965,200
L3,0.5,synthetic_50x15,mixed,0.524699814718515,0.36,0.529702611498069,0.18846024350146762,200
L0,1.0,synthetic_50x15,mixed,0.30699329508133816,0.71,0.3510482135025086,0.024143277999246492,200
L1,1.0,synthetic_50x15,mixed,0.23845500453655405,0.7,0.39543937850394284,0.07083081100718118,200
L2,1.0,synthetic_50x15,mixed,0.23845500453655405,0.685,0.40800188450491987,0.08491596049396322,200
L3,1.0,synthetic_50x15,mixed,0.5253760385994974,0.37,0.7025115335010923,0.3609169179998571,200
L0,2.0,synthetic_50x15,mixed,0.30699329508133816,0.71,0.3499315989977913,0.024517518496722915,200
L1,2.0,synthetic_50x15,mixed,0.24636066131475673,0.7,0.408181328997016,0.08433800700469873,200
L2,2.0,synthetic_50x15,mixed,0.23845500453655405,0.69,0.4320669740007725,0.10877311349846423,200
L3,2.0,synthetic_50x15,mixed,0.5253735796035834,0.375,1.0414014564972605,0.6958324805030134,200
L0,5.0,synthetic_50x15,mixed,0.30699329508133816,0.71,0.3471590379992267,0.024859311994514428,200
L1,5.0,synthetic_50x15,mixed,0.23845500453655405,0.705,0.4309682894987054,0.10921869099838659,200
L2,5.0,synthetic_50x15,mixed,0.23845500453655405,0.69,0.4938739795051515,0.1669511864997912,200
L3,5.0,synthetic_50x15,mixed,0.5235476162481427,0.385,2.0307270839979172,1.6842497080017347,200
